[otc-prc]
Alex Xu: xuhj
Eli Qiao: taget-9
Shaohe Feng: shaohef
yalei-wang: yalei-wang
yuntongjin: yuntongjin


ken-chen-i: ken-chen-i
Tan Lin: tan-lin-good
Zhenzan Zhou: zhenzan-zhou
lianhao, Lu: lianhao-lu
Xin, xiaohui: xiaohui-xin
edwin-zhai: edwin-zhai
wei-d-chen: wei-d-chen
lu huichun: lhcxx0508

[otc-us]
John: happycamp
yunhong,jiang: yunhong-jiang
David Lyle: david-lyle
Isaku Yamahata: yamahata


[others]

chen-li: chen-li
kamil-rykowski: kamil-rykowski
Grzegorz Grasza: xek
michal-dulko-f: michal-dulko-f
pczesno: pczesno
Sun Jun: sanjeo
Pawel Koniszewski: pawel-koniszewski
Zhongyue Luo: zyluo
weiting-chen: weiting-chen
James Chapman: james-p-chapman
Bartosz Fic: bartosz-fic
dominik dobruchowski: dominik-dobruchowski
Michal Jastrz: inc007
Pawel Palucki: pawel-palucki
paul luse: paul-e-luse
Kent Wang: k.wang
Pawel Skowron: pawel-skowron
Tushar Gohad: tsg-
Facundo Farias: facundo-farias
Marcin Karkocha: marcin-karkocha
murali sundar: murali.sundar
Artur Malinowski: artur-malinowski
Gabriel Briones: gabriel.briones.sayeg@intel.com
sean mooney: sean-k-mooney
Szymon Wroblewski: bluex
Curt Bruns: curt-e-bruns
Santiago Baldassin: santiago-b-baldassin
Victor Morales: electrocucaracha
Facundo Maldonado: facundo-n-maldonado
dsam: smigiel-dariusz

